_HHar7_hB_U,2019-06-12 20:31:35
SmHr18Sd_hw,2019-06-12 16:55:57
d5yIDTHZdzE,2019-06-11 20:41:05
EoRbSom_haU,2019-06-11 16:51:06
4Dgzdlo1dGs,2019-06-10 20:21:04
-MDEaAvtm7s,2019-06-10 17:11:05
4SURoyFMa0E,2019-06-09 20:46:03
DQEAnzR97Ok,2019-06-09 16:55:57
fV1ZJHU4S5w,2019-06-08 16:06:00
_mpcWLexQHY,2019-06-08 10:21:03
Cn2sOJJGObk,2019-06-07 18:51:07
6bueNh5Ogxg,2019-06-07 16:51:07
OhpwIrDgq9g,2019-06-06 20:36:40
9P5BRcl4_Fo,2019-06-06 16:51:08
kg95C3hjyAY,2019-06-05 20:35:56
OQ9v4CVpzck,2019-06-05 16:51:04
ZFN56EFchz4,2019-06-04 20:41:02
1qDWGzC4Svs,2019-06-04 16:56:01
tXot41g3oP8,2019-06-03 20:51:04
teSoZlYGLHM,2019-06-03 16:46:06
fLx5hWGaO54,2019-06-02 16:41:05
M654EhbmaZU,2019-06-01 16:41:04
Gsre1z46dKE,2019-06-01 10:11:09
w6hwhJwFuKk,2019-05-31 16:16:01
J7PSPZTfY6Y,2019-05-30 20:26:00
LZU8BIOfhCM,2019-05-30 17:06:08
apajPqrZLKM,2019-05-29 20:41:06
nLwKLXSzXpU,2019-05-29 16:41:10
a3Xtbh1wFCc,2019-05-28 21:31:12
qmjGLxtViA0,2019-05-28 20:16:05
NHp6vLDUHzE,2019-05-28 16:41:06
lYcrS9-IDeA,2019-05-27 20:31:09
LNXQ4KCpFtY,2019-05-27 16:45:58
dwNMw_l90u8,2019-05-26 20:05:59
CPuGs-YnZ6g,2019-05-25 16:16:00
SsaBvP0Mba8,2019-05-25 10:11:05
sjAVye0P0mQ,2019-05-23 21:11:03
69O9vnVULAE,2019-05-23 16:41:04
m77iZljPU74,2019-05-22 20:55:58
jAlHT4ye3RU,2019-05-22 16:40:59
3QjTGlLRL0M,2019-05-21 20:11:03
iNPmmoFgC74,2019-05-21 16:46:03
PAsXp3EdUD8,2019-05-20 20:21:01
J8v3fBYu71g,2019-05-20 17:16:00
o3z3FfQbNl8,2019-05-19 20:16:01
3ooIeljCQRs,2019-05-19 16:45:59
WC_3Or5Yrf4,2019-05-18 16:11:07
PYuwtm1OKzg,2019-05-17 13:55:56
jW5I_W1QF2w,2019-05-16 20:31:07
BDh7Cuf7Q9U,2019-05-16 16:45:56
1lzq-6IGiRM,2019-05-15 20:35:53
-l_ec8ql3OE,2019-05-15 17:15:59
ZFX3mjsE6Vk,2019-05-14 20:21:31
AG7SWV-Fov0,2019-05-14 16:45:58
Iqu3MvhUi7c,2019-05-13 20:21:00
iWLpTok1MAs,2019-05-13 17:16:06
N_1aNo9ddUs,2019-05-12 20:11:01
jFk6lXyk-zI,2019-05-12 16:31:16
56WHV9jbCT4,2019-05-11 15:58:16
6ZcRpf99UpM,2019-05-11 10:11:05
TGZhX6H1Vfs,2019-05-09 20:15:59
nNFBywtHVbM,2019-05-09 17:15:59
9dswA2MA2NE,2019-05-08 20:31:06
u6A9-pmb4KE,2019-05-08 17:16:03
9UJBK4u3d6Y,2019-05-07 20:01:06
KjiMFMp9nrw,2019-05-07 17:15:58
8KYPKczTs7s,2019-05-06 20:11:14
HmPEh1OpJzs,2019-05-06 17:15:56
3XATwLONJjw,2019-05-03 20:41:11
erC7HJdacNU,2019-05-03 16:46:12
LgV3l194rw0,2019-05-02 20:11:02
GpSboFzKdXY,2019-05-02 17:15:58
n7-kk2o7fpA,2019-05-01 20:11:26
lVMUuEW5qT0,2019-05-01 17:26:56
I7gKjioAco0,2019-04-30T19:01:21.000Z
XvZ1QFMDCZU,2019-04-29T18:05:41.000Z
9IPQv94JsQE,2019-04-28T21:28:09.000Z
QTnU5rSYi8Q,2019-04-28T18:10:55.000Z
5_DVIN9fGco,2019-04-27T16:47:23.000Z
3ezXbodlFUw,2019-04-27T11:00:29.000Z
WY1LoiwlzfI,2019-04-26T18:04:27.000Z
Dn-eGpbHtgI,2019-04-25T22:06:12.000Z
9GX5n6sjzT4,2019-04-25T17:51:15.000Z
MuXoTxmyUgs,2019-04-24T21:47:35.000Z
SlokuiYMsLE,2019-04-24T18:04:01.000Z
H2PxnJxMZ3U,2019-04-23T21:19:53.000Z
-zQt3XR9iEw,2019-04-23T18:03:16.000Z
HDCmtAQj04s,2019-04-22T21:26:15.000Z
6jEKUw0Q8Ps,2019-04-22T18:04:46.000Z
3udBcpfQ6-I,2019-04-21T19:29:22.000Z
Ab2dseltp3U,2019-04-21T17:58:12.000Z
mVJL20xRPKU,2019-04-20T21:26:12.000Z
lXIvyqdHV9M,2019-04-20T18:01:06.000Z
L_ZY0T81-90,2019-04-19T19:19:24.000Z
LPCbInauZ6E,2019-04-19T17:53:35.000Z
bBMnA1BXc08,2019-04-18T21:20:18.000Z
qmo3S8Hpr18,2019-04-18T18:03:18.000Z
ngeCArwiOXA,2019-04-17T21:42:37.000Z
JxzBdwtzJ7k,2019-04-17T18:07:41.000Z
zSq_xG2BIn0,2019-04-16T21:18:05.000Z
W6WgX0kKASw,2019-04-16T18:01:02.000Z
_cZLIwjA_Ek,2019-04-15T21:26:50.000Z
sXIi53hdk94,2019-04-15T18:02:36.000Z
q264C_pzQ9o,2019-04-14T21:42:41.000Z
mWFtlcvqEq8,2019-04-14T17:57:46.000Z
03JCHPfebBQ,2019-04-13T21:49:29.000Z
2I-euiMDFiI,2019-04-13T11:04:56.000Z
oU4eauCZyk4,2019-04-12T14:41:15.000Z
oNsygCmvYKA,2019-04-11T21:04:28.000Z
MeArrYtc580,2019-04-11T18:08:50.000Z
0nNOS5k4Ajk,2019-04-10T22:09:20.000Z
UKoAA4CRvT8,2019-04-10T17:50:54.000Z
0x7nYV5RAOc,2019-04-09T21:13:10.000Z
OJvw6ySHJjA,2019-04-09T18:05:11.000Z
yoB4-KO4xuE,2019-04-08T21:19:16.000Z
KXm7PkLOoxA,2019-04-08T18:00:15.000Z
wC-LXaVySyo,2019-04-07T21:22:09.000Z
D5Ymndo7LnE,2019-04-07T17:54:53.000Z
IsbF3Mv0J2c,2019-04-06T19:49:12.000Z
uY0UJqOAT7E,2019-04-06T17:34:25.000Z
rG4daUqH5qs,2019-04-05T15:44:04.000Z
sRjw2R75qzE,2019-04-04T21:15:46.000Z
uvvtlsqa3Vs,2019-04-04T17:49:41.000Z
pk8WWKhaeAI,2019-04-03T21:54:20.000Z
EDOLxAlPiWc,2019-04-03T18:02:07.000Z
xYq1tbK7NpQ,2019-04-02T21:31:18.000Z
n8lBkSBQcTs,2019-04-02T18:02:25.000Z
kGyWDaE0c4U,2019-04-01T21:33:08.000Z
z_PE9SV3oQc,2019-04-01T18:05:28.000Z
0ts3-z3Chvc,2019-03-31T21:10:20.000Z
7BZhDEuw7zU,2019-03-31T17:26:15.000Z
pP6ZnqjhfPs,2019-03-30T18:32:45.000Z
m8YBsLZpLn4,2019-03-29T14:14:05.000Z
bOsrIATD7-E,2019-03-28T22:48:25.000Z
ukaH3ihcIyg,2019-03-28T18:59:49.000Z
g_UUoM_yG8Y,2019-03-27T22:31:50.000Z
rCWe4AZybyM,2019-03-27T18:42:56.000Z
hxCjUZO4HM0,2019-03-26T22:31:32.000Z
Wjs6V-VCbDk,2019-03-26T19:04:44.000Z
P7yp6YM_yms,2019-03-25T22:46:22.000Z
_FZyKNojK7g,2019-03-25T19:01:40.000Z
KxtWT5Ve95c,2019-03-24T22:38:53.000Z
UHyspQnmUoU,2019-03-24T18:12:49.000Z
2lHLVSOZ2w4,2019-03-23T21:44:27.000Z
wqs3toJXrAs,2019-03-23T19:06:21.000Z
kQAqDjEbxYU,2019-03-22T16:38:42.000Z
6R9PUcsIXKM,2019-03-21T22:40:29.000Z
q0kC6UaDV-4,2019-03-21T18:54:19.000Z
GEpo70n2-ig,2019-03-20T22:51:07.000Z
LKP3fZb8vUk,2019-03-20T18:58:47.000Z
TboAlEo0Dv8,2019-03-19T22:42:35.000Z
0MFORUk6zQ8,2019-03-19T18:13:53.000Z
gcYeLLRBSjo,2019-03-18T22:32:56.000Z
AnKHmE7POrA,2019-03-18T19:05:00.000Z
qTz19IhI_6k,2019-03-17T23:34:42.000Z
wAR2whSfGIM,2019-03-17T18:26:31.000Z
kA-XAw1KsTU,2019-03-16T22:49:15.000Z
Iju2TmKaqaA,2019-03-16T19:00:28.000Z
cw0KtrVQOAA,2019-03-15T16:31:06.000Z
_VkjrExuWik,2019-03-14T22:37:32.000Z
0eDBatGmA7E,2019-03-14T18:22:50.000Z
P2GimntYq6g,2019-03-13T22:36:31.000Z
5OwNP06bCTE,2019-03-13T19:02:57.000Z
ZwEQoTWKbCU,2019-03-12T22:22:29.000Z
WZv_D8Xs0sA,2019-03-12T19:03:45.000Z
Zgk7oU_4QRQ,2019-03-11T22:42:03.000Z
Cm-ewnzqQgc,2019-03-11T19:05:39.000Z
7vvjI_o_dZg,2019-03-10T22:48:38.000Z
ZmAxFJ6oXcM,2019-03-10T15:24:02.000Z
PbuShQ0GhDg,2019-03-10T00:10:02.000Z
dPGQdz72SdY,2019-03-09T22:58:13.000Z
sGB4KB7Frhg,2019-03-09T18:28:38.000Z
iBGtsaPJok8,2019-03-09T11:57:16.000Z
rxE5vRdTe6Y,2019-03-08T17:06:07.000Z
LkuruM7Bcq8,2019-03-07T22:32:05.000Z
urpx5QXNwz0,2019-03-07T19:01:21.000Z
1NfXZ6HibgU,2019-03-06T22:20:17.000Z
ShxprAyq6HU,2019-03-06T19:04:41.000Z
sbaVgWTAGmI,2019-03-05T22:31:09.000Z
G1mwCzAdKEc,2019-03-05T19:08:41.000Z
y1U4NRaq_qs,2019-03-04T22:44:31.000Z
MccEFIKPL3Y,2019-03-04T18:57:57.000Z
iujbCjQMXKQ,2019-03-02T16:44:49.000Z
SZlVV9FQFrw,2019-02-28T22:33:55.000Z
FPdtfTj3kyg,2019-02-28T18:32:42.000Z
QenHwZYivFE,2019-02-26T22:33:09.000Z
XorQPG1UYLc,2019-02-26T19:04:54.000Z
POuL1Xh9klc,2019-02-24T18:55:25.000Z
5LFtqabCplY,2019-02-21T22:36:30.000Z
ni4B4p30bOI,2019-02-20T22:40:29.000Z
GR8bYmYPA4s,2019-02-20T19:07:39.000Z
ar43wHVw0W0,2019-02-19T22:45:59.000Z
maGoGPjSxNk,2019-02-18T22:41:34.000Z
ets6eru8Mc0,2019-02-16T23:33:47.000Z
ql1opHkkjrk,2019-02-16T19:06:28.000Z
FvpXCbqEqQM,2019-02-14T22:21:12.000Z
D5U5aXc13HQ,2019-02-14T19:04:20.000Z
A2VEzeV-VIk,2019-02-13T21:52:14.000Z
BNx1pcYIvTM,2019-02-09T20:33:10.000Z
M6At9wRirYA,2019-02-08T19:13:52.000Z
8atQVdzrRmM,2019-02-07T22:49:53.000Z
7357WrZxZf8,2019-02-07T19:11:42.000Z
Jzo4_bZLSPI,2019-02-06T22:44:33.000Z
CALvP0987tw,2019-02-06T19:04:38.000Z
f_uhcpIt6zM,2019-02-05T23:05:58.000Z
CBNEweLuUvQ,2019-02-04T22:34:33.000Z
zZNtt3SgWTA,2019-02-04T19:02:00.000Z
f2X4Qc3iSgs,2019-02-03T19:12:54.000Z
H5bkVBCiEXo,2019-02-02T23:41:40.000Z
vFiBNKWa09E,2019-02-02T19:00:00.000Z
bkLnn2yFr9M,2019-02-02T11:39:36.000Z
vWuZzmRIuuQ,2019-02-01T22:48:41.000Z
5crb9YOW5JU,2019-01-31T22:47:31.000Z
ljGW655SOts,2019-01-31T19:10:33.000Z
N4gy3_KNpiM,2019-01-30T22:50:06.000Z
jc45VCIMqn8,2019-01-30T19:04:30.000Z
zfsvdvnWEj0,2019-01-29T22:31:33.000Z
21GaDai80mM,2019-01-29T19:08:24.000Z
sT_vDiV0SqY,2019-01-28T22:43:40.000Z
KEKaNntNkmw,2019-01-28T19:10:19.000Z
z7wToPIZHBw,2019-01-27T22:20:52.000Z
bGZQ1BOHYp8,2019-01-27T19:04:00.000Z
a2ppAtRX7Ic,2019-01-26T21:44:56.000Z
34m2vDMA5ZU,2019-01-26T16:48:24.000Z
SPh8VPVIHp0,2019-01-24T20:59:31.000Z
3fZEEF0M1LQ,2019-01-23T22:26:21.000Z
k0VTCDAARds,2019-01-23T19:09:41.000Z
nTmcstj-qUs,2019-01-22T22:52:15.000Z
5VmT8H4MjZ8,2019-01-22T19:05:39.000Z
lrcJLqVmGFY,2019-01-21T19:08:32.000Z
wUjERA7SwTs,2019-01-20T19:04:38.000Z
EJJSB4lmNnc,2019-01-19T21:26:32.000Z
tyn2qQcHoeQ,2019-01-17T19:05:43.000Z
45db-lBQN9o,2019-01-16T22:35:29.000Z
R_eGlrqx6d0,2019-01-16T19:12:02.000Z
rYMepzEccqY,2019-01-13T23:12:02.000Z
wvzB1_yNhTc,2019-01-09T19:06:29.000Z
j2-Bf__TtaE,2019-01-08T19:06:48.000Z
Yql-MTsq_VQ,2019-01-08T12:02:11.000Z
SJdfmL5nVfQ,2019-01-07T23:08:21.000Z
KG2Lu9b6cZ4,2019-01-07T19:08:34.000Z
nxcpNPr5Pos,2019-01-06T11:56:45.000Z
_YmjwC35vGg,2019-01-05T19:06:22.000Z
4C2djA4A3fY,2019-01-05T14:19:01.000Z
OSirV4rIo0w,2019-01-04T22:43:47.000Z
KaFbQzhjDD0,2019-01-04T19:06:10.000Z
Yy92UtU6tw4,2019-01-02T18:56:18.000Z
BEe-knUfETM,2019-01-01T14:06:01.000Z
fz6b844C0zE,2018-12-30T22:29:48.000Z
7lFqUnx8TpM,2018-12-30T19:06:22.000Z
BgkAsKaWi7I,2018-12-28T19:05:49.000Z
bBfivlsplA0,2018-12-28T11:58:33.000Z
WfB4AqoSK3U,2018-12-27T22:21:56.000Z
S6Gn_my2Lk0,2018-12-27T18:59:22.000Z
lANRL8b8Vw8,2018-12-27T15:11:05.000Z
QKxQZf8aFkY,2018-12-26T18:09:59.000Z
b6Jh8EmRrX0,2018-12-25T22:46:45.000Z
9N5xOrQpn-k,2018-12-25T19:31:11.000Z
ni6n2E6SBOw,2018-12-25T11:13:46.000Z
FhArzXZRxVk,2018-12-24T22:13:28.000Z
1J5MlXU7h7Y,2018-12-22T19:05:15.000Z
vqMzhAzTu4Y,2018-12-22T10:46:00.000Z
tmzSmB2Wvf0,2018-12-20T22:37:02.000Z
d2cM34LZU8A,2018-12-19T22:47:13.000Z
wEdDwFycboo,2018-12-19T18:07:28.000Z
ggS0s9fLKEE,2018-12-17T23:03:58.000Z
rUkL_EWMe3w,2018-12-17T19:11:51.000Z
LoVNCPChuwc,2018-12-16T18:45:29.000Z
LEDcYsMTjiQ,2018-12-15T18:43:39.000Z
7PCCC2oXizM,2018-12-13T22:36:09.000Z
Ic3wzZwvzx4,2018-12-13T19:16:37.000Z
elz1tBOu60Q,2018-12-12T22:54:15.000Z
OMWQYuj1Ca8,2018-12-12T19:11:38.000Z
gs_IsuQy-eI,2018-12-11T22:46:05.000Z
mdiIzuGP59Y,2018-12-11T22:14:50.000Z
ngwpF8-Yxsc,2018-12-11T21:41:48.000Z
G15h8WDvSK0,2018-12-11T19:10:58.000Z
wl1Mp5P2C94,2018-12-10T22:42:32.000Z
GQM4uBwAtQQ,2018-12-10T19:07:51.000Z
fm6-aUENkkE,2018-12-08T11:29:06.000Z
ylF0wAm1wR8,2018-12-06T22:28:41.000Z
Ou34iIbCZKI,2018-12-05T22:37:26.000Z
O8KdvjjmjWA,2018-12-05T18:38:18.000Z
ADOqk3JfUIU,2018-12-04T12:06:22.000Z
CPhXgrDzrSI,2018-12-03T23:00:11.000Z
sYq7_eelxTY,2018-12-03T19:13:09.000Z
BFxLwrS6gys,2018-12-02T10:54:15.000Z
pUGDhPxrGn8,2018-12-01T19:10:51.000Z
_0Ocz_N7hn0,2018-11-29T19:01:45.000Z
FjQgGCzTnPE,2018-11-28T22:46:45.000Z
A4oRW_ICnAE,2018-11-28T19:07:20.000Z
MjhDVFJzUsA,2018-11-27T11:43:57.000Z
3VigogOcrRk,2018-11-26T22:29:08.000Z
A_9RCP-PtKM,2018-11-26T19:15:45.000Z
XoSOYb_T5MI,2018-11-25T22:21:55.000Z
fEh18y5-F6U,2018-11-25T19:07:02.000Z
75NsgxXTRhw,2018-11-25T11:04:53.000Z
c_PAVr5Ywl4,2018-11-24T22:58:28.000Z
JzIDxZI7tek,2018-11-24T11:04:28.000Z
4h3v0BKcemg,2018-11-23T16:35:54.000Z
Hq1kIOMN-y8,2018-11-23T16:19:43.000Z
kQScVuq-Ncs,2018-11-22T18:55:04.000Z
DL8NPUQ_o8w,2018-11-21T22:14:53.000Z
Cqd9XvjZoQw,2018-11-21T11:52:42.000Z
epIBfvQEtz0,2018-11-20T19:43:01.000Z
k6RUNyIAh0o,2018-11-20T19:27:44.000Z
5lr3gQzFVuQ,2018-11-19T23:02:39.000Z
w8Lo8Dk3wOI,2018-11-18T22:51:31.000Z
3MQBRQUa8ok,2018-11-18T08:02:45.000Z
26NflAQ28z4,2018-11-17T19:13:39.000Z
1CCZAZcD580,2018-11-17T12:00:41.000Z
lSxmxBDXIWw,2018-11-16T14:39:07.000Z
3Nr9lV3tuSk,2018-11-15T20:20:38.000Z
NkCN9AWxJJI,2018-11-14T12:13:23.000Z
hddNW9AIYNY,2018-11-13T17:00:17.000Z
uImaarR3EaU,2018-11-12T22:52:44.000Z
MC9iBBAmlcM,2018-11-11T22:47:24.000Z
GQyn0I8D5Oc,2018-11-09T16:23:35.000Z
_WZ2HZf9xXc,2018-11-08T17:29:54.000Z
CxE3GzsLYmk,2018-11-06T11:58:44.000Z
nR1Iym35P7U,2018-11-05T19:09:12.000Z
1e_x5CINX-k,2018-11-05T18:18:19.000Z
ZILx_OgK28M,2018-11-04T21:56:53.000Z
p11B_fFdEgw,2018-11-03T20:43:27.000Z
fjP7A5s9-Fw,2018-11-03T12:03:56.000Z
cvvO4NuMG30,2018-11-01T19:18:13.000Z
V33CIAIZO4Y,2018-10-31T19:05:49.000Z
_xn_ZXyQ6tE,2018-10-30T11:19:00.000Z
-7ZwzkadsSk,2018-10-29T22:33:23.000Z
qQ_2T4TYnKo,2018-10-29T19:00:17.000Z
PUCxhry_Ba4,2018-10-29T12:02:06.000Z
gSoxeI-ISvY,2018-10-28T21:55:25.000Z
tng2xU-w6bo,2018-10-28T16:20:25.000Z
YucoTk-Oew4,2018-10-27T19:37:05.000Z
WA4TOWKH4ZQ,2018-10-27T17:58:54.000Z
3ut3vf1OY08,2018-10-26T12:51:27.000Z
P4fodmG6P7M,2018-10-25T18:05:14.000Z
M7aeS43yFpc,2018-10-24T17:49:16.000Z
MqYIxY5n4Sc,2018-10-24T11:01:13.000Z
rGGKO9MrS68,2018-10-23T16:13:25.000Z
Gsaprk3eDWc,2018-10-23T10:52:59.000Z
ALpQ-Kfc1j0,2018-10-22T21:32:44.000Z
23tkVe4XwIA,2018-10-21T18:09:01.000Z
5v3dPwh_DlA,2018-10-20T21:57:27.000Z
0SxezZf_-QE,2018-10-20T17:50:55.000Z
EJgUpf-tPLQ,2018-10-18T21:27:02.000Z
7LD0GCCYV-8,2018-10-17T22:00:35.000Z
9JczuLHIuDI,2018-10-17T17:55:17.000Z
cJGkK2y-eGY,2018-10-17T10:55:57.000Z
3xf8gNYVKqE,2018-10-16T23:19:22.000Z
Di3_Jt5yLDE,2018-10-16T18:26:46.000Z
RmeyIhgtxuA,2018-10-14T20:36:19.000Z
bc9okUkUXSw,2018-10-14T17:22:23.000Z
6krpQDFRl2c,2018-10-14T16:34:28.000Z
7pZzMOwxk5o,2018-10-13T23:11:17.000Z
ccBFOk4pRxU,2018-10-12T23:28:11.000Z
uB63zDJ_bEw,2018-10-12T18:09:09.000Z
w5f4ta0QQ7E,2018-10-08T18:05:11.000Z
3HKPXG_PyHU,2018-10-07T22:12:56.000Z
mr8i9ZnvGTM,2018-10-05T18:08:23.000Z
v8Fw59J0TLQ,2018-10-04T21:44:07.000Z
IqHMMKPlKnk,2018-10-03T22:12:07.000Z
bE5MAQr-PW4,2018-10-02T21:48:09.000Z
-EnI36yLOfs,2018-10-01T18:10:07.000Z
iTFtwuZ0zOc,2018-09-29T18:26:49.000Z
NWJCYqnSBmU,2018-09-28T19:47:24.000Z
Vwg-_efZK8k,2018-09-25T21:44:25.000Z
I-9k1440nIw,2018-09-25T18:04:29.000Z
0xxSChkPoJo,2018-09-24T18:06:05.000Z
xFuggEKY3Ns,2018-09-20T18:17:03.000Z
-OE30l2glGI,2018-09-18T18:05:44.000Z
Y-kOaoyEQfA,2018-09-17T21:45:29.000Z
HpM5EFZLHiM,2018-09-16T21:37:41.000Z
PXZI7s27N_0,2018-09-16T14:21:15.000Z
CSEwmFpO_yk,2018-09-15T13:57:54.000Z
a02JK_mbF7I,2018-09-14T13:53:15.000Z
-3lZSKzwjI0,2018-09-13T18:04:10.000Z
mwNG4veniFY,2018-09-12T18:03:31.000Z
jYlnRAgKgqw,2018-09-11T21:03:57.000Z
ctHPzFDY3jY,2018-09-10T18:03:19.000Z
OfqLa0LjPN8,2018-09-08T18:01:20.000Z
WGJPsP683nU,2018-09-05T21:22:51.000Z
3hVkQxd0N0I,2018-09-05T18:08:49.000Z
wnP2mfoQ4WI,2018-09-04T10:19:56.000Z
X-630qRVXWE,2018-09-03T18:04:30.000Z
7PKYP66zScs,2018-09-03T10:52:43.000Z
cPvjDNIFXK4,2018-08-31T11:03:22.000Z
dCKfLuu_sJQ,2018-08-29T17:54:58.000Z
V9g5--jlPjE,2018-08-28T17:52:41.000Z
j70NLUy2LBE,2018-08-27T10:49:01.000Z
K_7FfMVCIqI,2018-08-25T18:30:07.000Z
K1QjdHOf1WQ,2018-08-24T18:05:35.000Z
kcNJP7hzjFI,2018-08-23T21:43:36.000Z
1sMrVSlOhtI,2018-08-23T11:06:56.000Z
ikpWbXlRIe0,2018-08-23T10:19:41.000Z
bRDxRtSWG-E,2018-08-22T18:01:37.000Z
FNLrqgb3Hw0,2018-08-22T11:14:19.000Z
BwowhP9hnzI,2018-08-21T09:09:46.000Z
Vy2sHEeL0Qs,2018-08-20T22:08:19.000Z
z2S25i4KjDc,2018-08-19T18:02:01.000Z
lo2JsXE5Gfk,2018-08-18T00:14:38.000Z
JnstREEdkUg,2018-08-17T10:54:54.000Z
ZqqWrBVRm34,2018-08-16T11:32:52.000Z
SuTUBqsxJQk,2018-08-15T23:31:08.000Z
_AZmELXvLFA,2018-08-14T20:23:43.000Z
xETWPdzu9bA,2018-08-14T17:18:32.000Z
1fx7AEUyXBg,2018-08-11T00:10:37.000Z
1HLKcB3Sx_4,2018-08-09T16:14:06.000Z
On8DDX6erVA,2018-08-07T18:34:05.000Z
W_J2OLrbDlo,2018-08-06T22:26:33.000Z
1W3kkZRVWcQ,2018-08-06T11:34:25.000Z
LB-658FdYiY,2018-08-05T21:52:13.000Z
6cfXSkHaEgE,2018-08-01T19:59:47.000Z
Hz5Tz7YlyCE,2018-08-01T17:54:03.000Z
SRqJmYOMDds,2018-08-01T15:51:13.000Z
pKTRf1mGN5w,2018-07-29T11:39:33.000Z
A6Mi_WVR-W4,2018-07-28T18:03:18.000Z
CQGUDhsUnKk,2018-07-28T15:02:51.000Z
K8RzGMNbSQ0,2018-07-27T18:44:31.000Z
S8rTtcAKuJw,2018-07-27T11:39:05.000Z
RcOjClC5jms,2018-07-25T10:36:44.000Z
hGeIfyWz8V4,2018-07-24T19:46:20.000Z
1MbZeLGorBY,2018-07-23T17:40:06.000Z
r3Pa3iuhA3o,2018-07-23T16:30:06.000Z
dwOavgbxnQs,2018-07-19T13:24:24.000Z
pltvxSWFF_c,2018-07-17T21:28:03.000Z
yUO-a1Lzqck,2018-07-16T21:24:03.000Z
F1e3cUs4tfE,2018-07-16T18:36:11.000Z
exoKLLj6GKk,2018-07-16T13:25:39.000Z
XdSWY_E55R0,2018-07-15T20:12:27.000Z
OEN1c3Cf1jY,2018-07-15T18:30:37.000Z
ex9JLCORQ_Q,2018-07-14T17:56:43.000Z
KAgM0cp1N68,2018-07-12T21:41:36.000Z
eEsPDcvv_Co,2018-07-11T17:45:15.000Z
uHrZfWTZatU,2018-07-10T11:38:28.000Z
o9jlP2t_YDY,2018-07-09T22:40:15.000Z
IeBF4Qihfz0,2018-07-09T10:59:34.000Z
eW3d3FCME7w,2018-07-05T22:01:57.000Z
yAfJAblOQjY,2018-07-04T18:33:24.000Z
Wm7g15FdA-4,2018-07-04T11:49:48.000Z
rgjicCy859Q,2018-07-02T22:14:33.000Z
P_uJjzLKMmA,2018-07-02T13:05:17.000Z
RQvO-1cEGLk,2018-07-01T22:38:18.000Z
Fp6aSaAYnZ0,2018-07-01T18:26:02.000Z
ewbjcQruvd0,2018-06-30T18:12:01.000Z
nYLyrSLMyKQ,2018-06-29T13:04:14.000Z
wy9ybrnOPg0,2018-06-28T17:34:57.000Z
8-Nw0CYGJCM,2018-06-28T14:34:17.000Z
3tLNDlI74WQ,2018-06-27T14:50:27.000Z
usVeqhW9OGA,2018-06-27T11:34:41.000Z
vQpQEEVUtB8,2018-06-25T18:14:38.000Z
e36n-qHELk4,2018-06-25T14:29:48.000Z
OPNvzN5ToI8,2018-06-24T21:58:11.000Z
Zd1HGWzcoGA,2018-06-24T18:16:33.000Z
eLS43bBopwY,2018-06-23T23:45:08.000Z
rb5IkiZdOVc,2018-06-23T13:32:41.000Z
ePNaJpYYlgk,2018-06-23T00:22:57.000Z
o_E-yCb_J6s,2018-06-22T17:35:36.000Z
yxK2WD1JuQk,2018-06-20T19:16:57.000Z
Pqfy1lDdUYg,2018-06-20T14:11:34.000Z
Sn2uxzAc5Eg,2018-06-19T14:13:45.000Z
4cC4TNDcYHI,2018-06-19T11:01:55.000Z
jRmMGEhqIGU,2018-06-18T18:02:26.000Z
wRCce-MGeWA,2018-06-17T14:20:26.000Z
NeGcpU1t-MA,2018-06-16T20:30:33.000Z
Rb38XoMlF2I,2018-06-15T22:22:09.000Z
EEq5YF7GBK0,2018-06-15T12:53:56.000Z
o4tEPLxYh7s,2018-06-14T22:11:55.000Z
SAWMiiWCcTg,2018-06-14T18:35:52.000Z
R7lTywFcIAU,2018-06-13T11:21:57.000Z
8lIdXpcxH-U,2018-06-12T20:04:59.000Z
aFJqbyLFFk0,2018-06-12T11:23:11.000Z
dxyM7Afowew,2018-06-10T18:38:09.000Z
gfbEZToS760,2018-06-09T18:42:06.000Z
Di38X0qCzKs,2018-06-09T14:26:21.000Z
YsoOa6a8rnM,2018-06-08T20:37:23.000Z
joOcQW-pEik,2018-06-08T11:32:23.000Z
BKBHcr12JAw,2018-06-07T14:44:00.000Z
VvKeY94pu8c,2018-06-06T22:03:27.000Z
5B2DEpLbpf8,2018-06-05T19:49:16.000Z
i3T6f0-9HKI,2018-06-03T20:11:57.000Z
vaU6504gNZo,2018-06-02T15:27:04.000Z
C2-3DoBDNHQ,2018-05-28T21:54:45.000Z
ch_nna8ooXk,2018-05-25T14:07:22.000Z
H8EBYmUN-44,2018-05-22T21:51:47.000Z
6uf13APPmdI,2018-05-19T18:30:15.000Z
8Xs_J21jtZ4,2018-05-15T09:50:07.000Z
4DKIerZc8gk,2018-05-14T21:48:01.000Z
QpvSgfgW9iY,2018-05-10T22:41:33.000Z
xuXrAQJ8rGQ,2018-05-10T17:13:05.000Z
gGCcEXMPfxg,2018-05-09T21:39:31.000Z
i2qkeZMWSGY,2018-05-08T18:51:03.000Z
GKnp_btETfw,2018-05-07T18:45:58.000Z
5ZA3RnukUN0,2018-05-06T18:09:36.000Z
mUwkQghIQYE,2018-05-06T15:20:27.000Z
w47-sCEhXIU,2018-05-05T13:36:24.000Z
aF-rgM9Wkos,2018-05-03T18:46:57.000Z
b6JtQZ1eDyY,2018-05-02T21:34:19.000Z
Itzs8urIqyM,2018-05-02T14:27:59.000Z
ycuDZFAjXoU,2018-05-01T17:12:11.000Z
jS-0rA21YyE,2018-04-30T22:10:11.000Z
fzY4VeXpHfg,2018-04-29T21:58:15.000Z
pdnpMKbKTMA,2018-04-29T18:07:40.000Z
uzKWDELS_zQ,2018-04-28T17:52:00.000Z
khLEMG2XEME,2018-04-28T14:49:35.000Z
PugIHtKG02w,2018-04-26T22:17:23.000Z
9lax63HBB8s,2018-04-25T22:25:49.000Z
OL4ispKKg7o,2018-04-24T11:30:55.000Z
Zu4sn57PJGg,2018-04-23T11:31:46.000Z
YfJfES51_rI,2018-04-22T18:47:17.000Z
08eKuHeXYiU,2018-04-21T19:49:26.000Z
Q88hZVvnf1E,2018-04-18T18:43:57.000Z
4d2xzOesq28,2018-04-17T21:44:00.000Z
Ab90pKbLmVA,2018-04-16T20:48:08.000Z
a9vDQmPi5n0,2018-04-16T16:25:58.000Z
bPVOpny25Vo,2018-04-12T21:35:24.000Z
aDTo47ESM3U,2018-04-11T21:32:06.000Z
1oVPaWtpefs,2018-04-10T18:39:19.000Z
j2qJaH1lrZw,2018-04-10T11:34:16.000Z
QPQMiquz5Ik,2018-04-09T18:18:14.000Z
VPLakd0k2us,2018-04-08T14:42:09.000Z
pJnCFLdZB0I,2018-04-07T09:54:59.000Z
vxV75iM3r7M,2018-04-06T21:01:00.000Z
K9TJKu3zzC0,2018-04-05T14:25:30.000Z
wkgNENZse0U,2018-04-02T15:20:59.000Z
kXaS_VSqbbs,2018-03-31T13:44:13.000Z
oClIW9usx4A,2018-03-30T13:41:42.000Z
8f5MrrP-d-Q,2018-03-29T13:59:07.000Z
ZyDdcUbD3Wg,2018-03-27T21:20:40.000Z
H8Jq_BXpAkk,2018-03-21T00:05:14.000Z
37sLSoafwL8,2018-03-19T16:39:57.000Z
LtBcL1vEx54,2018-03-19T15:02:26.000Z
tLz0Eq-qapc,2018-03-18T16:26:20.000Z
gxwLX0VeTc4,2018-03-10T15:19:44.000Z
Zpe1YhC_Dgk,2018-03-09T12:44:59.000Z
wCkGXkaFZiY,2018-03-08T22:57:40.000Z
o-OFYGEJK50,2018-03-08T10:50:46.000Z
Q6w7ZajwXIw,2018-03-07T16:04:15.000Z
58dPu2SUvPI,2018-03-07T14:10:57.000Z
00Tekp3et1o,2018-03-05T20:23:50.000Z
QWbXAuQ_amw,2018-03-05T12:33:08.000Z
0CNlwu2hn08,2018-03-04T16:47:30.000Z
6ywkyvo7c_A,2018-02-28T09:23:04.000Z
_cuvVlXfFL8,2018-02-25T12:03:28.000Z
s2L8sSzajUo,2018-02-22T10:12:13.000Z
BYB8whwXTuM,2018-02-13T22:31:43.000Z
vSOTkLm-eIQ,2018-02-07T18:52:15.000Z
0ZPx9xMQUwA,2018-01-31T13:57:06.000Z
VB_r7hufetg,2018-01-28T15:03:57.000Z
_5gFV0qdca0,2018-01-27T19:03:49.000Z
izCzq6CVtYg,2018-01-25T18:00:03.000Z
9xIdwIA9-Cw,2018-01-24T18:55:26.000Z
KwgjfC4VWKk,2018-01-23T22:49:56.000Z
_2RMXidF5hU,2018-01-22T19:04:28.000Z
wASyrOokfmE,2018-01-21T09:56:45.000Z
AeGPsf9e530,2018-01-16T23:08:42.000Z
5w9yXaa2nIQ,2018-01-16T17:11:21.000Z
WMlVMHCv1tM,2018-01-15T18:31:34.000Z
DimSolRaP34,2018-01-11T18:28:52.000Z
DY0Pl9XymlI,2018-01-10T22:59:12.000Z
G-IsQWe6Q9I,2018-01-07T10:51:48.000Z
a_wQvUCNgn8,2018-01-02T18:51:17.000Z
wu4i42yl5Ec,2017-12-30T22:59:01.000Z
Ad8tyGXyxNQ,2017-12-30T16:55:19.000Z
UymlC-P3UXw,2017-12-26T18:06:30.000Z
pamcGQ_sp6U,2017-12-20T18:34:09.000Z
sI8Ry1SbJvw,2017-12-20T09:37:25.000Z
i_XrGReQwYU,2017-12-19T22:30:58.000Z
MrRxbFQmfS4,2017-12-18T22:50:18.000Z
l6fNp9aPSDk,2017-12-17T11:19:31.000Z
1HHyluReV0s,2017-12-16T18:31:17.000Z
0z9Jnh_3e8g,2017-12-13T09:33:09.000Z
VtgU1EJ50b0,2017-12-06T20:14:06.000Z
dwT1Ghl23rE,2017-12-05T22:21:10.000Z
5KEiZzQPL5o,2017-12-05T18:41:27.000Z
WtWqwyETW8k,2017-12-03T11:59:06.000Z
CdkCDat9TJA,2017-12-02T13:57:55.000Z
dzCo97GVIag,2017-11-30T22:40:52.000Z
_6TxsG38NiM,2017-11-26T15:05:54.000Z
Esm1uG-W7tE,2017-11-23T20:02:00.000Z
OzkiteT4b3M,2017-11-20T23:05:45.000Z
MqD7fp5Q6LY,2017-11-18T18:25:17.000Z
w86jQUNteDw,2017-11-18T11:57:47.000Z
9ztH376m2bQ,2017-11-17T12:01:52.000Z
Jo_VMD5cBz0,2017-11-16T17:15:52.000Z
rvXB97PQbV8,2017-11-16T10:13:58.000Z
BIYBU-1yQvU,2017-11-15T20:15:39.000Z
yDBmhUDk2ug,2017-11-12T23:19:40.000Z
P599MpvgQas,2017-11-12T15:19:44.000Z
zRdAS1NLx18,2017-11-09T19:02:30.000Z
JcQimAudsCE,2017-11-08T14:14:18.000Z
5kKf-XBBT-8,2017-11-07T21:42:02.000Z
MvejT25ZJmM,2017-11-06T19:00:40.000Z
Qq5QA31dSUs,2017-11-05T15:28:39.000Z
ab3OoWf1VuI,2017-11-04T14:47:32.000Z
YU2axVZijnk,2017-11-04T09:51:40.000Z
DlFK3VOdEyU,2017-11-03T11:22:17.000Z
4587uUnvSkE,2017-11-02T16:17:29.000Z
s5LFlJtHZAI,2017-11-02T10:31:19.000Z
zD0dQmWTsdE,2017-10-31T22:55:33.000Z
076Kniiz-aM,2017-10-29T21:33:11.000Z
cnknIn09SwY,2017-10-29T19:30:06.000Z
QM1VQmKY0Xw,2017-10-25T08:54:07.000Z
kBz0zuhdx8A,2017-10-19T08:37:43.000Z
C7L7RlPFBL0,2017-10-12T21:32:11.000Z
D35vmIQLc3c,2017-10-11T17:13:43.000Z
RrHU0vg2VbQ,2017-10-10T17:32:29.000Z
fotMimJcVAA,2017-10-09T21:12:18.000Z
R5F-qMfQBLg,2017-10-08T13:27:33.000Z
vg-RUeSNZIs,2017-10-06T22:39:04.000Z
44tEeUZFP4c,2017-10-05T17:02:37.000Z
ifIQTBAIw9U,2017-10-05T08:33:57.000Z
YU47lxVanmI,2017-10-03T20:53:39.000Z
cS0yhlWPxV4,2017-10-02T17:41:37.000Z
rAd-u30OmiI,2017-10-01T17:42:48.000Z
qCoisaUme5M,2017-09-29T21:20:38.000Z
rSaBzlvb7rs,2017-09-28T20:53:03.000Z
8rJdp_tHHXI,2017-09-27T20:49:18.000Z
zZOE-xbzcZI,2017-09-27T10:58:01.000Z
6vfjTEP02zo,2017-09-22T21:19:58.000Z
lObvPe25pCM,2017-09-22T15:21:06.000Z
qnPULN-VfoA,2017-09-20T17:12:55.000Z
5skdiBAz2Pw,2017-09-19T10:30:47.000Z
80KxgFod-p4,2017-09-18T17:11:49.000Z
cRTwsia8nM0,2017-09-18T12:53:27.000Z
ZdoLJ3pGiac,2017-09-17T14:07:18.000Z
p8c-d1cI_Eo,2017-09-17T10:30:00.000Z
mpmPYfVdln8,2017-09-16T20:51:55.000Z
F8rc-XUR2Yg,2017-09-16T08:31:40.000Z
X_jBhifACno,2017-09-15T10:53:52.000Z
BXB_5LlI1iw,2017-09-14T20:51:04.000Z
fGvgblrAviI,2017-09-13T11:05:13.000Z
2Extv8SIHDA,2017-09-12T17:58:36.000Z
Tsg0pHYnNOc,2017-09-11T16:06:55.000Z
zoTHBfzzBLk,2017-09-09T10:43:57.000Z
Y1Td-oEv-NE,2017-09-08T17:30:10.000Z
nGihl9eS79U,2017-09-07T17:03:16.000Z
mXTO_uGBVDs,2017-09-07T10:38:38.000Z
D96r4Bgbv4U,2017-09-03T14:28:37.000Z
S1TUbk4mVR8,2017-09-03T10:41:10.000Z
KdgzaG6UDHA,2017-09-02T20:33:40.000Z
KainY2chu5k,2017-09-01T20:52:40.000Z
IZGBQyTWau4,2017-08-31T21:12:38.000Z
OtVeuPAQ5n0,2017-08-30T22:36:04.000Z
WrOQ5Z0Wf9k,2017-08-30T19:33:39.000Z
ueQtLBuVT1Q,2017-08-29T17:25:38.000Z
nxMKgosKwng,2017-08-29T10:35:32.000Z
bFj17Sh4tNo,2017-08-27T17:49:46.000Z
rwVoDy2Smkg,2017-08-25T20:19:41.000Z
3b6581ANamg,2017-08-24T20:30:12.000Z
m7X3XGTFWJk,2017-08-22T10:42:28.000Z
D913IDLjysc,2017-08-21T17:45:39.000Z
ruUPd1xlc_U,2017-08-19T10:34:09.000Z
F8MV3vmd_bg,2017-08-18T19:34:14.000Z
TiEHN-TkYhs,2017-08-18T16:21:19.000Z
HZ6JxopSK90,2017-08-15T20:35:46.000Z
kOkfmdCfBdg,2017-08-13T20:13:55.000Z
1TJnpEEFN3w,2017-08-13T10:30:02.000Z
iHNafal1_gU,2017-08-12T10:31:32.000Z
3PbHpXXQtsM,2017-08-11T16:47:35.000Z
94brhIy8GTc,2017-08-11T10:43:37.000Z
9mDro9DLadA,2017-08-10T20:06:07.000Z
i4pwXuydHJ8,2017-08-10T10:55:51.000Z
cKnnaaSW9pQ,2017-08-09T20:38:02.000Z
fVaILRGazJo,2017-08-09T14:37:41.000Z
jJGoSwm7w2s,2017-08-09T10:47:44.000Z
bBNMlhqVJwM,2017-08-08T19:28:49.000Z
mG4fBn-l0x4,2017-08-08T15:04:01.000Z
B4ex_2or_K0,2017-08-03T21:28:38.000Z
9sT6Ey6ctZw,2017-08-03T17:14:27.000Z
bjDf5SJwOtg,2017-08-03T10:52:54.000Z
bVS_o9hOtVk,2017-08-02T12:59:14.000Z
o10lngwwHfU,2017-08-02T08:49:35.000Z
jZ4CrPtVS2c,2017-07-31T19:49:26.000Z
htGT4GE1ZQo,2017-07-31T10:33:06.000Z
XBDGJ5pINXs,2017-07-30T13:38:06.000Z
SU0skSi4G70,2017-07-28T17:36:28.000Z
RunaJNjpFSI,2017-07-28T12:51:41.000Z
MW-8w-PUEOI,2017-07-27T13:43:33.000Z
A8SQrc01YTk,2017-07-23T11:03:40.000Z
KGPEZNmmTyQ,2017-07-22T19:19:05.000Z
vCW26WcInIU,2017-07-22T16:25:12.000Z
S-duurzXRF0,2017-07-21T14:00:56.000Z
li2aA7_Dcps,2017-07-21T12:31:14.000Z
BrkuMr7vEZ8,2017-07-20T14:27:32.000Z
2UDuim4fx7E,2017-07-19T13:20:00.000Z
PigOLXqDB58,2017-07-18T20:17:54.000Z
eGltL94Jjdo,2017-07-17T00:03:21.000Z
EE-hu3S_8XA,2017-07-15T19:21:07.000Z
dEUkinYQKeg,2017-07-15T12:51:14.000Z
JgvJ11nQS-Y,2017-07-15T12:12:47.000Z
jOaKMbCw0fk,2017-07-14T19:30:55.000Z
4Ya6Yxle2nY,2017-07-14T11:17:06.000Z
AnjdtHfn5bk,2017-07-13T20:24:44.000Z
a9_wmRO30Mc,2017-07-13T15:43:06.000Z
GQ2gnbdi41M,2017-07-12T20:36:52.000Z
mpuXbsdZqJw,2017-07-12T16:55:08.000Z
OTk3Rgy0p4E,2017-07-12T13:45:29.000Z
r2Q9-ZKCmFs,2017-07-07T13:19:00.000Z
YROT8a1pwQ0,2017-07-07T01:24:04.000Z
84ifYhwGoY0,2017-07-05T20:19:17.000Z
6fxfKny2wic,2017-07-05T12:59:06.000Z
vKN9gCW4H4U,2017-07-04T19:33:50.000Z
_STfkhOVFsw,2017-07-03T20:09:45.000Z
iRuHmXSd__I,2017-06-19T11:27:24.000Z
c0CmtpKG1-E,2017-06-18T21:10:14.000Z
AynVfCCXdQ0,2017-02-22T18:21:25.000Z
_eFoYvtnwj4,2017-01-29T14:28:58.000Z
Oku9ASKiXZU,2017-01-18T19:24:16.000Z
iWzKgBZz-c8,2017-01-15T18:20:30.000Z
7RKXItc1O00,2017-01-07T21:46:16.000Z
VM4Ebt0tfxc,2017-01-04T17:49:03.000Z
2dPOU0GwGJQ,2017-01-02T11:35:34.000Z
